Region ,Sub-region,Country,Year,Count,Rate
Europe,Southern Europe,Albania,2005,165,5.35
Europe,Southern Europe,Albania,2006,246,8.03
Europe,Southern Europe,Albania,2007,219,7.22
Europe,Southern Europe,Albania,2008,363,12.09
Europe,Southern Europe,Albania,2009,379,12.75
Europe,Southern Europe,Albania,2010,178,6.04
Europe,Southern Europe,Albania,2011,169,5.77
Europe,Southern Europe,Albania,2012,156,5.35
Africa,Northern Africa,Algeria,2003,23050,71.44
Africa,Northern Africa,Algeria,2004,20234,61.89
Africa,Northern Africa,Algeria,2005,32920,99.31
Africa,Northern Africa,Algeria,2006,36681,109.04
Africa,Northern Africa,Algeria,2007,36915,108.04
Africa,Northern Africa,Algeria,2008,40398,116.32
Africa,Northern Africa,Algeria,2009,42298,119.71
Africa,Northern Africa,Algeria,2010,41381,115.02
Africa,Northern Africa,Algeria,2011,45548,124.24
Africa,Northern Africa,Algeria,2012,52287,139.87
Europe,Southern Europe,Andorra,2007,83,100.38
Europe,Southern Europe,Andorra,2008,105,125.21
Europe,Southern Europe,Andorra,2009,128,151.55
Europe,Southern Europe,Andorra,2010,98,116.04
Europe,Southern Europe,Andorra,2012,163,197.75
Asia,Western Asia,Azerbaijan,2003,155,1.85
Asia,Western Asia,Azerbaijan,2004,171,2.02
Asia,Western Asia,Azerbaijan,2005,165,1.93
Asia,Western Asia,Azerbaijan,2006,160,1.85
Asia,Western Asia,Azerbaijan,2012,132,1.42
Americas,South America,Argentina,2005,142099,365.36
Americas,South America,Argentina,2006,134291,341.80
Americas,South America,Argentina,2007,137181,345.68
Americas,South America,Argentina,2008,145240,362.37
Oceania,Australia and New Zealand,Australia,2008,68019,318.85
Oceania,Australia and New Zealand,Australia,2009,71972,330.89
Europe,Western Europe,Austria,2004,3584,43.62
Europe,Western Europe,Austria,2005,3611,43.75
Europe,Western Europe,Austria,2006,3577,43.17
Europe,Western Europe,Austria,2007,3878,46.65
Europe,Western Europe,Austria,2008,3945,47.29
Europe,Western Europe,Austria,2009,4023,48.05
Europe,Western Europe,Austria,2010,3606,42.88
Europe,Western Europe,Austria,2011,3897,46.10
Europe,Western Europe,Austria,2012,4030,47.40
Asia,Western Asia,Bahrain,2003,2701,346.86
Asia,Western Asia,Bahrain,2004,3837,462.37
Asia,Western Asia,Bahrain,2005,3528,396.78
Asia,Western Asia,Bahrain,2006,3455,360.49
Asia,Western Asia,Bahrain,2007,2634,254.27
Asia,Western Asia,Bahrain,2008,3654,327.82
Asia,Southern Asia,Bangladesh,2005,570,0.41
Asia,Southern Asia,Bangladesh,2006,570,0.40
Asia,Western Asia,Armenia,2004,190,6.33
Asia,Western Asia,Armenia,2005,180,6.04
Asia,Western Asia,Armenia,2006,178,6.02
Asia,Western Asia,Armenia,2007,164,5.59
Asia,Western Asia,Armenia,2008,201,6.91
Asia,Western Asia,Armenia,2009,166,5.75
Americas,Caribbean,Barbados,2004,1610,584.85
Americas,Caribbean,Barbados,2005,1731,626.45
Americas,Caribbean,Barbados,2006,1704,614.11
Americas,Caribbean,Barbados,2007,1549,555.79
Americas,Caribbean,Barbados,2008,1594,569.40
Americas,Caribbean,Barbados,2009,1610,572.74
Americas,Caribbean,Barbados,2010,1511,535.57
Americas,Caribbean,Barbados,2011,1312,463.63
Americas,Caribbean,Barbados,2012,1468,517.45
Europe,Western Europe,Belgium,2003,61959,594.67
Europe,Western Europe,Belgium,2004,64811,618.42
Europe,Western Europe,Belgium,2005,67418,639.22
Europe,Western Europe,Belgium,2006,70886,667.51
Europe,Western Europe,Belgium,2007,74289,694.45
Americas,Northern America,Bermuda,2003,522,791.68
Americas,Northern America,Bermuda,2004,435,657.54
Americas,South America,Bolivia (Plurinational State of),2005,6026,65.27
Americas,South America,Bolivia (Plurinational State of),2006,5405,57.53
Americas,South America,Bolivia (Plurinational State of),2007,6441,67.39
Americas,South America,Bolivia (Plurinational State of),2008,6987,71.87
Americas,South America,Bolivia (Plurinational State of),2009,7229,73.13
Americas,South America,Bolivia (Plurinational State of),2010,8451,84.10
Americas,South America,Bolivia (Plurinational State of),2011,6692,65.52
Americas,South America,Bolivia (Plurinational State of),2012,7426,71.56
Europe,Southern Europe,Bosnia and Herzegovina,2005,1369,36.36
Europe,Southern Europe,Bosnia and Herzegovina,2006,1498,39.78
Europe,Southern Europe,Bosnia and Herzegovina,2007,1566,41.62
Europe,Southern Europe,Bosnia and Herzegovina,2008,1474,39.26
Europe,Southern Europe,Bosnia and Herzegovina,2010,505,13.63
Europe,Southern Europe,Bosnia and Herzegovina,2011,652,17.81
Europe,Southern Europe,Bosnia and Herzegovina,2012,618,17.14
Africa,Southern Africa,Botswana,2009,15133,774.66
Africa,Southern Africa,Botswana,2010,17457,878.51
Africa,Southern Africa,Botswana,2011,16098,798.75
Americas,South America,Brazil,2006,652778,346.91
Americas,South America,Brazil,2007,649027,341.36
Americas,South America,Brazil,2008,649996,338.49
Americas,South America,Brazil,2009,651879,336.22
Americas,South America,Brazil,2010,715702,365.69
Americas,South America,Brazil,2011,717185,363.10
Americas,South America,Brazil,2012,732913,367.77
Americas,Central America,Belize,2006,142,48.74
Americas,Central America,Belize,2009,519,164.94
Oceania,Melanesia,Solomon Islands,2004,1207,263.22
Oceania,Melanesia,Solomon Islands,2005,1213,258.13
Oceania,Melanesia,Solomon Islands,2006,1168,242.78
Oceania,Melanesia,Solomon Islands,2007,1184,240.59
Oceania,Melanesia,Solomon Islands,2008,1097,217.93
Asia,South-Eastern Asia,Brunei Darussalam,2003,470,133.03
Asia,South-Eastern Asia,Brunei Darussalam,2004,537,149.40
Asia,South-Eastern Asia,Brunei Darussalam,2005,530,145.16
Asia,South-Eastern Asia,Brunei Darussalam,2006,451,121.81
Europe,Eastern Europe,Bulgaria,2003,3806,48.77
Europe,Eastern Europe,Bulgaria,2004,3711,47.92
Europe,Eastern Europe,Bulgaria,2005,3656,47.56
Europe,Eastern Europe,Bulgaria,2006,2976,39.00
Europe,Eastern Europe,Bulgaria,2007,3173,41.88
Europe,Eastern Europe,Bulgaria,2008,3216,42.74
Europe,Eastern Europe,Bulgaria,2009,3122,41.77
Europe,Eastern Europe,Bulgaria,2010,3038,40.92
Europe,Eastern Europe,Bulgaria,2011,2462,33.37
Europe,Eastern Europe,Bulgaria,2012,2410,32.86
Africa,Eastern Africa,Burundi,2008,437,5.38
Africa,Eastern Africa,Burundi,2009,496,5.91
Africa,Eastern Africa,Burundi,2010,304,3.50
Africa,Eastern Africa,Burundi,2011,499,5.57
Europe,Eastern Europe,Belarus,2003,4032,41.66
Europe,Eastern Europe,Belarus,2004,1970,20.49
Europe,Eastern Europe,Belarus,2005,1915,20.03
Europe,Eastern Europe,Belarus,2006,1726,18.14
Europe,Eastern Europe,Belarus,2007,1657,17.48
Europe,Eastern Europe,Belarus,2008,1442,15.25
Europe,Eastern Europe,Belarus,2009,1318,13.97
Europe,Eastern Europe,Belarus,2010,1158,12.29
Europe,Eastern Europe,Belarus,2011,1003,10.65
Europe,Eastern Europe,Belarus,2012,907,9.63
Africa,Middle Africa,Cameroon,2003,2998,17.84
Africa,Middle Africa,Cameroon,2004,3056,17.71
Africa,Middle Africa,Cameroon,2005,3140,17.71
Africa,Middle Africa,Cameroon,2006,3136,17.21
Africa,Middle Africa,Cameroon,2007,3482,18.59
Americas,Northern America,Canada,2003,48135,152.87
Americas,Northern America,Canada,2004,49376,155.19
Americas,Northern America,Canada,2005,53451,166.18
Americas,Northern America,Canada,2006,56709,174.29
Americas,Northern America,Canada,2007,58269,176.94
Americas,Northern America,Canada,2008,58419,175.23
Americas,Northern America,Canada,2009,57002,168.91
Americas,Northern America,Canada,2010,55436,162.34
Americas,Northern America,Canada,2011,53957,156.22
Africa,Western Africa,Cabo Verde,2010,4090,830.21
Africa,Western Africa,Cabo Verde,2011,4030,807.85
Asia,Southern Asia,Sri Lanka,2003,22178,115.37
Asia,Southern Asia,Sri Lanka,2004,21172,109.21
Americas,South America,Chile,2006,20992,128.36
Americas,South America,Chile,2007,21727,131.44
Americas,South America,Chile,2008,23275,139.30
Americas,South America,Chile,2009,23816,141.04
Americas,South America,Chile,2010,22259,130.46
Americas,South America,Chile,2011,22963,133.25
Americas,South America,Chile,2012,19813,113.87
Americas,South America,Colombia,2004,32534,77.32
Americas,South America,Colombia,2005,30415,71.32
Americas,South America,Colombia,2006,46529,107.70
Americas,South America,Colombia,2007,47957,109.65
Americas,South America,Colombia,2008,36043,81.44
Americas,Central America,Costa Rica,2006,5931,136.49
Americas,Central America,Costa Rica,2007,6429,145.96
Americas,Central America,Costa Rica,2008,6750,151.24
Americas,Central America,Costa Rica,2009,7437,164.51
Americas,Central America,Costa Rica,2010,7953,173.75
Americas,Central America,Costa Rica,2011,7361,158.88
Americas,Central America,Costa Rica,2012,6477,138.16
Europe,Southern Europe,Croatia,2003,1249,28.46
Europe,Southern Europe,Croatia,2004,1153,26.30
Europe,Southern Europe,Croatia,2005,1153,26.34
Europe,Southern Europe,Croatia,2006,1069,24.46
Europe,Southern Europe,Croatia,2007,1093,25.05
Europe,Southern Europe,Croatia,2008,1128,25.92
Europe,Southern Europe,Croatia,2009,1059,24.39
Europe,Southern Europe,Croatia,2010,986,22.78
Europe,Southern Europe,Croatia,2011,873,20.24
Europe,Southern Europe,Croatia,2012,903,21.02
Asia,Western Asia,Cyprus,2003,135,13.59
Asia,Western Asia,Cyprus,2004,172,17.02
Asia,Western Asia,Cyprus,2005,132,12.84
Asia,Western Asia,Cyprus,2006,134,12.82
Asia,Western Asia,Cyprus,2007,142,13.35
Asia,Western Asia,Cyprus,2008,167,15.44
Asia,Western Asia,Cyprus,2009,219,19.94
Asia,Western Asia,Cyprus,2010,173,15.55
Asia,Western Asia,Cyprus,2011,164,14.58
Asia,Western Asia,Cyprus,2012,148,13.04
Europe,Eastern Europe,Czechia,2004,23579,230.28
Europe,Eastern Europe,Czechia,2005,21684,211.38
Europe,Eastern Europe,Czechia,2006,19171,186.15
Europe,Eastern Europe,Czechia,2007,19551,188.76
Europe,Eastern Europe,Czechia,2008,17875,171.46
Europe,Eastern Europe,Czechia,2009,16887,161.01
Europe,Eastern Europe,Czechia,2010,18073,171.53
Europe,Eastern Europe,Czechia,2011,19409,183.68
Europe,Eastern Europe,Czechia,2012,18358,173.49
Europe,Northern Europe,Denmark,2003,10894,202.23
Europe,Northern Europe,Denmark,2004,11005,203.69
Europe,Northern Europe,Denmark,2005,11117,205.05
Europe,Northern Europe,Denmark,2006,11628,213.58
Europe,Northern Europe,Denmark,2007,11552,211.19
Europe,Northern Europe,Denmark,2008,11203,203.77
Europe,Northern Europe,Denmark,2009,10573,191.32
Europe,Northern Europe,Denmark,2012,9557,170.33
Americas,Caribbean,Dominican Republic,2012,5937,59.78
Americas,South America,Ecuador,2003,7084,52.99
Americas,South America,Ecuador,2004,7967,58.60
Americas,South America,Ecuador,2005,7756,56.10
Americas,South America,Ecuador,2006,6575,46.77
Americas,Central America,El Salvador,2005,4628,76.47
Americas,Central America,El Salvador,2006,4614,75.90
Americas,Central America,El Salvador,2007,2971,48.66
Americas,Central America,El Salvador,2011,3681,59.27
Americas,Central America,El Salvador,2012,4228,67.78
Europe,Northern Europe,Estonia,2005,132,9.74
Europe,Northern Europe,Estonia,2006,141,10.45
Europe,Northern Europe,Estonia,2007,145,10.79
Europe,Northern Europe,Estonia,2008,140,10.45
Europe,Northern Europe,Estonia,2009,106,7.93
Europe,Northern Europe,Estonia,2010,103,7.73
Europe,Northern Europe,Estonia,2011,104,7.83
Europe,Northern Europe,Estonia,2012,99,7.48
Europe,Northern Europe,Finland,2003,28835,551.64
Europe,Northern Europe,Finland,2004,29782,568.12
Europe,Northern Europe,Finland,2005,30467,579.34
Europe,Northern Europe,Finland,2006,30864,584.82
Europe,Northern Europe,Finland,2007,34614,653.37
Europe,Northern Europe,Finland,2008,34778,653.79
Europe,Northern Europe,Finland,2009,32878,615.43
Europe,Western Europe,France,2003,135003,224.07
Europe,Western Europe,France,2004,137679,226.83
Europe,Western Europe,France,2005,148651,243.21
Europe,Western Europe,France,2006,164359,267.21
Europe,Western Europe,France,2007,175886,284.29
Europe,Western Europe,France,2008,187937,302.10
Asia,Western Asia,Georgia,2004,371,8.78
Asia,Western Asia,Georgia,2005,368,8.74
Asia,Western Asia,Georgia,2006,271,6.47
Asia,Western Asia,Georgia,2007,157,3.77
Asia,Western Asia,Georgia,2008,200,4.83
Asia,Western Asia,Georgia,2009,134,3.25
Asia,Western Asia,Georgia,2010,126,3.07
Asia,Western Asia,State of Palestine,2003,5283,153.49
Asia,Western Asia,State of Palestine,2004,5812,165.81
Asia,Western Asia,State of Palestine,2005,6572,183.68
Asia,Western Asia,State of Palestine,2009,263,6.65
Asia,Western Asia,State of Palestine,2010,286,7.05
Asia,Western Asia,State of Palestine,2011,340,8.19
Asia,Western Asia,State of Palestine,2012,347,8.18
Europe,Western Europe,Germany,2003,445727,546.14
Europe,Western Europe,Germany,2004,474575,581.26
Europe,Western Europe,Germany,2005,494329,605.78
Europe,Western Europe,Germany,2006,510775,626.93
Europe,Western Europe,Germany,2007,523283,643.82
Europe,Western Europe,Germany,2008,518499,639.60
Europe,Southern Europe,Greece,2003,7663,68.30
Europe,Southern Europe,Greece,2004,7606,67.70
Europe,Southern Europe,Greece,2005,7777,69.28
Europe,Southern Europe,Greece,2006,7399,66.15
Europe,Southern Europe,Greece,2007,7788,70.03
Europe,Southern Europe,Greece,2008,8008,72.53
Europe,Southern Europe,Greece,2009,7869,71.80
Americas,Caribbean,Grenada,2005,1894,"1,809.70"
Americas,Caribbean,Grenada,2006,1903,"1,813.45"
Americas,Caribbean,Grenada,2007,1312,"1,247.35"
Americas,Caribbean,Grenada,2008,1285,"1,218.51"
Americas,Central America,Guatemala,2004,6443,50.35
Americas,Central America,Guatemala,2005,6095,46.54
Americas,Central America,Guatemala,2006,6055,45.20
Americas,Central America,Guatemala,2007,6238,45.53
Americas,Central America,Guatemala,2008,6960,49.69
Africa,Western Africa,Guinea,2005,286,3.14
Africa,Western Africa,Guinea,2007,293,3.08
Americas,South America,Guyana,2010,11182,"1,492.07"
Americas,South America,Guyana,2012,9867,"1,306.22"
Americas,Central America,Honduras,2011,3645,42.98
Americas,Central America,Honduras,2012,2027,23.46
Asia,Eastern Asia,Hong Kong Special Administrative Region of China,2003,7754,115.31
Asia,Eastern Asia,Hong Kong Special Administrative Region of China,2004,7811,115.81
Asia,Eastern Asia,Hong Kong Special Administrative Region of China,2005,8091,119.52
Asia,Eastern Asia,Hong Kong Special Administrative Region of China,2006,8690,127.75
Asia,Eastern Asia,Hong Kong Special Administrative Region of China,2007,8660,126.61
Asia,Eastern Asia,Hong Kong Special Administrative Region of China,2008,8410,122.21
Asia,Eastern Asia,Hong Kong Special Administrative Region of China,2009,8136,117.49
Asia,Eastern Asia,Hong Kong Special Administrative Region of China,2010,7602,109.12
Asia,Eastern Asia,Hong Kong Special Administrative Region of China,2011,7362,105.07
Asia,Eastern Asia,Hong Kong Special Administrative Region of China,2012,7332,104.05
Europe,Eastern Europe,Hungary,2003,11442,112.83
Europe,Eastern Europe,Hungary,2004,12514,123.72
Europe,Eastern Europe,Hungary,2005,12339,122.34
Europe,Eastern Europe,Hungary,2006,11516,114.52
Europe,Eastern Europe,Hungary,2007,11148,111.21
Europe,Eastern Europe,Hungary,2008,12757,127.67
Europe,Northern Europe,Iceland,2006,56,18.68
Europe,Northern Europe,Iceland,2007,50,16.38
Europe,Northern Europe,Iceland,2008,77,24.77
Europe,Northern Europe,Iceland,2009,79,25.00
Europe,Northern Europe,Iceland,2010,57,17.79
Europe,Northern Europe,Iceland,2011,60,18.55
Europe,Northern Europe,Iceland,2012,74,22.72
Asia,South-Eastern Asia,Indonesia,2008,33330,14.15
Asia,South-Eastern Asia,Indonesia,2009,35641,14.94
Asia,South-Eastern Asia,Indonesia,2010,31960,13.22
Asia,South-Eastern Asia,Indonesia,2011,35800,14.61
Asia,South-Eastern Asia,Indonesia,2012,30901,12.44
Europe,Northern Europe,Ireland,2003,11792,296.28
Europe,Northern Europe,Ireland,2004,12255,301.99
Europe,Northern Europe,Ireland,2005,12479,301.34
Europe,Northern Europe,Ireland,2006,13737,324.70
Europe,Northern Europe,Ireland,2007,15147,350.25
Europe,Northern Europe,Ireland,2008,16186,366.54
Europe,Northern Europe,Ireland,2009,15580,346.64
Europe,Northern Europe,Ireland,2010,15038,330.19
Europe,Northern Europe,Ireland,2011,14709,320.38
Asia,Western Asia,Israel,2004,50171,784.35
Asia,Western Asia,Israel,2005,51114,782.82
Asia,Western Asia,Israel,2006,50866,761.39
Asia,Western Asia,Israel,2007,45025,657.57
Asia,Western Asia,Israel,2008,45432,647.10
Asia,Western Asia,Israel,2010,46007,626.25
Asia,Western Asia,Israel,2011,43069,575.24
Europe,Southern Europe,Italy,2004,51823,89.43
Europe,Southern Europe,Italy,2005,56629,97.17
Europe,Southern Europe,Italy,2006,59143,101.03
Europe,Southern Europe,Italy,2007,63602,108.26
Europe,Southern Europe,Italy,2008,65791,111.66
Europe,Southern Europe,Italy,2009,65611,111.01
Europe,Southern Europe,Italy,2010,64866,109.34
Europe,Southern Europe,Italy,2011,68500,114.95
Europe,Southern Europe,Italy,2012,69527,116.11
Africa,Western Africa,Cote d'Ivoire,2007,9821,51.23
Africa,Western Africa,Cote d'Ivoire,2008,10124,51.64
Americas,Caribbean,Jamaica,2010,1407,50.06
Americas,Caribbean,Jamaica,2012,5684,199.99
Asia,Eastern Asia,Japan,2003,58505,45.69
Asia,Eastern Asia,Japan,2004,59628,46.51
Asia,Eastern Asia,Japan,2005,60299,46.99
Asia,Eastern Asia,Japan,2006,64989,50.61
Asia,Eastern Asia,Japan,2007,62952,48.99
Asia,Central Asia,Kazakhstan,2006,2474,15.91
Asia,Central Asia,Kazakhstan,2007,1988,12.66
Asia,Central Asia,Kazakhstan,2008,1945,12.26
Asia,Central Asia,Kazakhstan,2009,1621,10.10
Asia,Central Asia,Kazakhstan,2012,1666,9.95
Asia,Western Asia,Jordan,2005,14677,254.56
Asia,Western Asia,Jordan,2006,15694,261.94
Africa,Eastern Africa,Kenya,2005,12715,34.72
Africa,Eastern Africa,Kenya,2006,13186,35.02
Africa,Eastern Africa,Kenya,2007,12089,31.23
Africa,Eastern Africa,Kenya,2008,11479,28.85
Africa,Eastern Africa,Kenya,2009,14189,34.69
Africa,Eastern Africa,Kenya,2010,14078,33.49
Africa,Eastern Africa,Kenya,2011,14366,33.27
Africa,Eastern Africa,Kenya,2012,14534,32.78
Asia,Eastern Asia,Republic of Korea,2006,281928,576.77
Asia,Eastern Asia,Republic of Korea,2007,294728,601.06
Asia,Eastern Asia,Republic of Korea,2008,305465,621.09
Asia,Eastern Asia,Republic of Korea,2009,315731,639.81
Asia,Eastern Asia,Republic of Korea,2010,292347,590.06
Asia,Eastern Asia,Republic of Korea,2011,311862,626.40
Asia,Eastern Asia,Republic of Korea,2012,62257,124.36
Asia,Western Asia,Kuwait,2004,641,29.13
Asia,Western Asia,Kuwait,2005,595,26.21
Asia,Western Asia,Kuwait,2006,632,26.63
Asia,Western Asia,Kuwait,2007,732,29.23
Asia,Western Asia,Kuwait,2008,644,24.25
Asia,Western Asia,Kuwait,2009,686,24.32
Asia,Central Asia,Kyrgyzstan,2003,225,4.49
Asia,Central Asia,Kyrgyzstan,2004,213,4.23
Asia,Central Asia,Kyrgyzstan,2005,264,5.20
Asia,Central Asia,Kyrgyzstan,2006,206,4.02
Asia,Central Asia,Kyrgyzstan,2007,343,6.62
Asia,Central Asia,Kyrgyzstan,2008,349,6.64
Asia,Central Asia,Kyrgyzstan,2009,359,6.73
Asia,Central Asia,Kyrgyzstan,2010,536,9.89
Asia,Central Asia,Kyrgyzstan,2011,482,8.74
Africa,Southern Africa,Lesotho,2007,9337,469.92
Africa,Southern Africa,Lesotho,2008,9957,501.07
Africa,Southern Africa,Lesotho,2009,7332,368.42
Europe,Northern Europe,Latvia,2003,883,38.29
Europe,Northern Europe,Latvia,2004,872,38.26
Europe,Northern Europe,Latvia,2005,1100,48.85
Europe,Northern Europe,Latvia,2006,1549,69.62
Europe,Northern Europe,Latvia,2007,1256,57.14
Europe,Northern Europe,Latvia,2008,1346,61.99
Europe,Northern Europe,Latvia,2009,1215,56.65
Europe,Northern Europe,Latvia,2010,1226,57.86
Europe,Northern Europe,Latvia,2011,1161,55.45
Europe,Northern Europe,Latvia,2012,1325,64.04
Europe,Western Europe,Liechtenstein,2003,61,178.51
Europe,Western Europe,Liechtenstein,2004,70,203.23
Europe,Western Europe,Liechtenstein,2005,71,204.50
Europe,Western Europe,Liechtenstein,2006,77,220.16
Europe,Western Europe,Liechtenstein,2007,68,193.09
Europe,Western Europe,Liechtenstein,2008,88,248.10
Europe,Western Europe,Liechtenstein,2009,90,251.94
Europe,Western Europe,Liechtenstein,2010,77,213.91
Europe,Western Europe,Liechtenstein,2011,78,214.88
Europe,Western Europe,Liechtenstein,2012,69,188.45
Europe,Northern Europe,Lithuania,2003,543,15.90
Europe,Northern Europe,Lithuania,2004,454,13.43
Europe,Northern Europe,Lithuania,2005,407,12.17
Europe,Northern Europe,Lithuania,2006,340,10.29
Europe,Northern Europe,Lithuania,2007,287,8.81
Europe,Northern Europe,Lithuania,2008,251,7.81
Europe,Northern Europe,Lithuania,2009,220,6.95
Europe,Northern Europe,Lithuania,2010,245,7.84
Europe,Northern Europe,Lithuania,2011,206,6.68
Europe,Northern Europe,Lithuania,2012,178,5.84
Europe,Western Europe,Luxembourg,2006,1811,388.95
Europe,Western Europe,Luxembourg,2007,2030,427.44
Europe,Western Europe,Luxembourg,2008,2317,477.34
Europe,Western Europe,Luxembourg,2009,2350,473.28
Europe,Western Europe,Luxembourg,2010,2475,487.31
Europe,Western Europe,Luxembourg,2011,2744,528.39
Asia,South-Eastern Asia,Malaysia,2005,4246,16.53
Asia,South-Eastern Asia,Malaysia,2006,5716,21.82
Europe,Southern Europe,Malta,2008,196,47.86
Europe,Southern Europe,Malta,2009,173,42.04
Europe,Southern Europe,Malta,2010,180,43.45
Europe,Southern Europe,Malta,2011,181,43.33
Europe,Southern Europe,Malta,2012,174,41.25
Africa,Eastern Africa,Mauritius,2003,105,8.68
Africa,Eastern Africa,Mauritius,2004,144,11.85
Africa,Eastern Africa,Mauritius,2005,122,9.98
Africa,Eastern Africa,Mauritius,2006,106,8.63
Africa,Eastern Africa,Mauritius,2007,140,11.35
Africa,Eastern Africa,Mauritius,2008,148,11.94
Africa,Eastern Africa,Mauritius,2009,274,22.03
Africa,Eastern Africa,Mauritius,2010,238,19.07
Africa,Eastern Africa,Mauritius,2011,230,18.38
Americas,Central America,Mexico,2004,246338,235.70
Americas,Central America,Mexico,2005,239166,225.62
Americas,Central America,Mexico,2006,245507,228.25
Americas,Central America,Mexico,2007,261295,239.35
Americas,Central America,Mexico,2008,250932,226.44
Americas,Central America,Mexico,2009,244623,217.51
Americas,Central America,Mexico,2010,230687,202.19
Americas,Central America,Mexico,2011,212141,183.36
Americas,Central America,Mexico,2012,211921,180.71
Europe,Western Europe,Monaco,2003,94,283.61
Europe,Western Europe,Monaco,2004,129,385.09
Europe,Western Europe,Monaco,2005,155,458.01
Europe,Western Europe,Monaco,2006,140,409.49
Asia,Eastern Asia,Mongolia,2003,2440,98.83
Asia,Eastern Asia,Mongolia,2004,2846,114.00
Asia,Eastern Asia,Mongolia,2005,2991,118.39
Asia,Eastern Asia,Mongolia,2006,3584,140.06
Asia,Eastern Asia,Mongolia,2007,4614,177.88
Asia,Eastern Asia,Mongolia,2008,5319,202.10
Asia,Eastern Asia,Mongolia,2009,5770,215.80
Asia,Eastern Asia,Mongolia,2010,5821,214.02
Asia,Eastern Asia,Mongolia,2011,5838,210.73
Asia,Eastern Asia,Mongolia,2012,6546,231.74
Europe,Eastern Europe,Republic of Moldova,2005,395,9.50
Europe,Eastern Europe,Republic of Moldova,2006,409,9.86
Europe,Eastern Europe,Republic of Moldova,2007,408,9.88
Europe,Eastern Europe,Republic of Moldova,2008,385,9.36
Europe,Eastern Europe,Republic of Moldova,2009,369,9.01
Europe,Eastern Europe,Republic of Moldova,2010,416,10.18
Europe,Eastern Europe,Republic of Moldova,2011,360,8.83
Europe,Eastern Europe,Republic of Moldova,2012,325,7.97
Europe,Southern Europe,Montenegro,2003,141,22.96
Europe,Southern Europe,Montenegro,2004,150,24.38
Europe,Southern Europe,Montenegro,2005,155,25.15
Europe,Southern Europe,Montenegro,2006,164,26.54
Africa,Northern Africa,Morocco,2003,48662,163.39
Africa,Northern Africa,Morocco,2004,46067,152.97
Africa,Northern Africa,Morocco,2005,32623,107.12
Africa,Northern Africa,Morocco,2006,36161,117.39
Africa,Northern Africa,Morocco,2007,31432,100.86
Africa,Northern Africa,Morocco,2008,30934,98.09
Africa,Northern Africa,Morocco,2009,31106,97.42
Africa,Northern Africa,Morocco,2012,29439,88.56
Africa,Eastern Africa,Mozambique,2004,1350,6.78
Africa,Eastern Africa,Mozambique,2005,1272,6.21
Africa,Eastern Africa,Mozambique,2006,800,3.80
Africa,Eastern Africa,Mozambique,2007,724,3.34
Africa,Eastern Africa,Mozambique,2008,728,3.27
Africa,Eastern Africa,Mozambique,2009,526,2.30
Asia,Western Asia,Oman,2007,1790,67.37
Asia,Western Asia,Oman,2008,2083,75.72
Asia,Southern Asia,Nepal,2005,1047,4.07
Asia,Southern Asia,Nepal,2006,1047,4.02
Europe,Western Europe,Netherlands,2003,53500,330.23
Europe,Western Europe,Netherlands,2004,55300,339.53
Europe,Western Europe,Netherlands,2005,67060,409.72
Europe,Western Europe,Netherlands,2006,69185,420.83
Europe,Western Europe,Netherlands,2007,71570,433.58
Europe,Western Europe,Netherlands,2008,69005,416.49
Europe,Western Europe,Netherlands,2009,65690,395.10
Oceania,Australia and New Zealand,New Zealand,2005,9683,234.15
Oceania,Australia and New Zealand,New Zealand,2006,10140,242.24
Oceania,Australia and New Zealand,New Zealand,2007,11569,273.30
Oceania,Australia and New Zealand,New Zealand,2008,11948,279.28
Oceania,Australia and New Zealand,New Zealand,2009,11941,276.20
Oceania,Australia and New Zealand,New Zealand,2010,11260,257.66
Oceania,Australia and New Zealand,New Zealand,2011,10806,244.55
Oceania,Australia and New Zealand,New Zealand,2012,10165,227.48
Americas,Central America,Nicaragua,2005,19335,355.51
Americas,Central America,Nicaragua,2006,18391,333.55
Americas,Central America,Nicaragua,2010,18345,314.99
Africa,Western Africa,Nigeria,2007,15136,10.34
Africa,Western Africa,Nigeria,2008,14692,9.78
Africa,Western Africa,Nigeria,2009,14075,9.12
Africa,Western Africa,Nigeria,2010,18093,11.41
Africa,Western Africa,Nigeria,2012,15388,9.20
Europe,Northern Europe,Norway,2003,2804,61.36
Europe,Northern Europe,Norway,2004,2884,62.72
Europe,Northern Europe,Norway,2005,2961,63.92
Europe,Northern Europe,Norway,2006,3185,68.16
Europe,Northern Europe,Norway,2007,3312,70.18
Europe,Northern Europe,Norway,2008,3279,68.73
Europe,Northern Europe,Norway,2009,3093,64.08
Europe,Northern Europe,Norway,2010,2925,59.87
Europe,Northern Europe,Norway,2011,2837,57.33
Europe,Northern Europe,Norway,2012,2781,55.47
Americas,Central America,Panama,2006,6055,178.53
Americas,Central America,Panama,2007,6450,186.76
Americas,Central America,Panama,2008,6739,191.66
Americas,Central America,Panama,2009,6572,183.62
Americas,Central America,Panama,2010,6060,166.36
Americas,Central America,Panama,2011,5784,156.05
Americas,Central America,Panama,2012,5461,144.83
Americas,South America,Paraguay,2005,2235,38.38
Americas,South America,Paraguay,2006,995,16.83
Americas,South America,Paraguay,2007,1048,17.47
Americas,South America,Peru,2004,15020,54.37
Americas,South America,Peru,2005,14699,52.75
Americas,South America,Peru,2006,15827,56.32
Americas,South America,Peru,2007,54265,191.53
Europe,Southern Europe,Portugal,2003,44304,424.79
Europe,Southern Europe,Portugal,2004,41716,398.40
Europe,Southern Europe,Portugal,2005,39220,373.22
Europe,Southern Europe,Portugal,2006,39998,379.39
Europe,Southern Europe,Portugal,2007,37389,353.62
Europe,Southern Europe,Portugal,2008,33494,316.12
Europe,Southern Europe,Portugal,2009,33205,313.13
Asia,Western Asia,Qatar,2003,291,42.68
Asia,Western Asia,Qatar,2004,298,39.56
Europe,Eastern Europe,Romania,2003,9641,44.39
Europe,Eastern Europe,Romania,2004,9201,42.64
Europe,Eastern Europe,Romania,2005,8898,41.55
Europe,Eastern Europe,Romania,2006,9459,44.55
Europe,Eastern Europe,Romania,2007,9586,45.57
Europe,Eastern Europe,Romania,2008,9457,45.40
Europe,Eastern Europe,Romania,2009,9072,43.96
Europe,Eastern Europe,Romania,2010,12301,60.09
Europe,Eastern Europe,Romania,2011,12299,60.48
Europe,Eastern Europe,Romania,2012,17219,85.13
Africa,Eastern Africa,Rwanda,2008,2249,23.61
Africa,Eastern Africa,Rwanda,2009,1985,20.29
Africa,Eastern Africa,Rwanda,2010,2004,19.96
Africa,Eastern Africa,Rwanda,2011,2526,24.54
Africa,Eastern Africa,Rwanda,2012,3177,30.11
Americas,Caribbean,St. Kitts and Nevis,2011,137,277.09
Americas,Caribbean,St. Vincent and the Grenadines,2004,1529,"1,408.96"
Americas,Caribbean,St. Vincent and the Grenadines,2005,1252,"1,152.67"
Americas,Caribbean,St. Vincent and the Grenadines,2006,1054,970.52
Americas,Caribbean,St. Vincent and the Grenadines,2007,1063,979.58
Americas,Caribbean,St. Vincent and the Grenadines,2008,1029,949.25
Americas,Caribbean,St. Vincent and the Grenadines,2009,1220,"1,126.57"
Americas,Caribbean,St. Vincent and the Grenadines,2010,1309,"1,209.13"
Americas,Caribbean,St. Vincent and the Grenadines,2011,1245,"1,149.43"
Americas,Caribbean,St. Vincent and the Grenadines,2012,1112,"1,025.50"
Africa,Middle Africa,Sao Tome and Principe,2003,1,0.66
Africa,Middle Africa,Sao Tome and Principe,2004,1,0.65
Africa,Middle Africa,Sao Tome and Principe,2006,0,0.00
Africa,Middle Africa,Sao Tome and Principe,2007,4,2.41
Africa,Middle Africa,Sao Tome and Principe,2008,1,0.58
Africa,Middle Africa,Sao Tome and Principe,2009,5,2.84
Africa,Middle Africa,Sao Tome and Principe,2010,0,0.00
Africa,Middle Africa,Sao Tome and Principe,2011,4,2.17
Africa,Western Africa,Senegal,2005,279,2.52
Africa,Western Africa,Senegal,2006,252,2.21
Africa,Western Africa,Senegal,2007,181,1.55
Africa,Western Africa,Senegal,2008,543,4.52
Africa,Western Africa,Senegal,2009,291,2.36
Africa,Western Africa,Senegal,2010,305,2.41
Europe,Southern Europe,Serbia,2005,1614,17.56
Europe,Southern Europe,Serbia,2006,1657,18.12
Europe,Southern Europe,Serbia,2007,1681,18.47
Europe,Southern Europe,Serbia,2008,1582,17.46
Europe,Southern Europe,Serbia,2009,1442,15.98
Europe,Southern Europe,Serbia,2010,1391,15.47
Europe,Southern Europe,Serbia,2011,1309,14.60
Europe,Southern Europe,Serbia,2012,1323,14.80
Africa,Western Africa,Sierra Leone,2007,18620,310.87
Africa,Western Africa,Sierra Leone,2008,19871,323.97
Asia,South-Eastern Asia,Singapore,2003,593,14.36
Asia,South-Eastern Asia,Singapore,2004,549,13.14
Asia,South-Eastern Asia,Singapore,2005,607,14.23
Asia,South-Eastern Asia,Singapore,2006,636,14.45
Asia,South-Eastern Asia,Singapore,2007,403,8.80
Asia,South-Eastern Asia,Singapore,2008,441,9.23
Asia,South-Eastern Asia,Singapore,2009,406,8.17
Asia,South-Eastern Asia,Singapore,2010,429,8.36
Asia,South-Eastern Asia,Singapore,2011,406,7.71
Asia,South-Eastern Asia,Singapore,2012,452,8.42
Europe,Eastern Europe,Slovakia,2003,4076,75.48
Europe,Eastern Europe,Slovakia,2004,3810,70.56
Europe,Eastern Europe,Slovakia,2005,3896,72.16
Europe,Eastern Europe,Slovakia,2006,3200,59.27
Europe,Eastern Europe,Slovakia,2007,2967,54.96
Europe,Eastern Europe,Slovakia,2008,2702,50.04
Europe,Eastern Europe,Slovakia,2009,2618,48.47
Europe,Eastern Europe,Slovakia,2010,2426,44.89
Europe,Eastern Europe,Slovakia,2011,2227,41.17
Europe,Eastern Europe,Slovakia,2012,2183,40.31
Europe,Southern Europe,Slovenia,2003,2400,120.73
Europe,Southern Europe,Slovenia,2004,2379,119.53
Europe,Southern Europe,Slovenia,2005,2304,115.49
Europe,Southern Europe,Slovenia,2006,2431,121.40
Europe,Southern Europe,Slovenia,2007,2482,123.35
Europe,Southern Europe,Slovenia,2008,2135,105.53
Europe,Southern Europe,Slovenia,2009,2177,107.04
Europe,Southern Europe,Slovenia,2010,2182,106.79
Europe,Southern Europe,Slovenia,2011,1974,96.23
Africa,Eastern Africa,Zimbabwe,2003,78464,654.84
Africa,Eastern Africa,Zimbabwe,2004,95581,795.19
Africa,Eastern Africa,Zimbabwe,2005,92510,766.02
Africa,Eastern Africa,Zimbabwe,2006,77525,637.78
Africa,Eastern Africa,Zimbabwe,2007,63803,520.59
Africa,Eastern Africa,Zimbabwe,2008,51247,413.96
Europe,Southern Europe,Spain,2005,172824,392.61
Europe,Southern Europe,Spain,2006,180706,404.01
Europe,Southern Europe,Spain,2007,70536,155.27
Europe,Southern Europe,Spain,2008,72803,158.03
Europe,Southern Europe,Spain,2009,80910,173.69
Europe,Southern Europe,Spain,2010,25077,53.43
Europe,Southern Europe,Spain,2011,18290,38.85
Europe,Southern Europe,Spain,2012,17353,36.87
Africa,Southern Africa,Eswatini,2003,14725,"1,439.68"
Africa,Southern Africa,Eswatini,2004,14587,"1,421.34"
Europe,Northern Europe,Sweden,2003,65177,728.12
Europe,Northern Europe,Sweden,2004,67089,746.21
Europe,Northern Europe,Sweden,2005,72645,803.72
Europe,Northern Europe,Sweden,2006,77019,846.72
Europe,Northern Europe,Sweden,2007,82262,897.77
Europe,Northern Europe,Sweden,2008,84566,915.57
Europe,Northern Europe,Sweden,2009,86281,926.45
Europe,Western Europe,Switzerland,2003,6732,92.62
Europe,Western Europe,Switzerland,2004,8198,111.94
Europe,Western Europe,Switzerland,2005,8099,109.64
Europe,Western Europe,Switzerland,2006,9272,124.32
Europe,Western Europe,Switzerland,2007,9644,127.96
Europe,Western Europe,Switzerland,2008,8893,116.66
Europe,Western Europe,Switzerland,2009,524,6.79
Europe,Western Europe,Switzerland,2010,487,6.24
Europe,Western Europe,Switzerland,2011,487,6.16
Europe,Western Europe,Switzerland,2012,597,7.46
Asia,Western Asia,Syrian Arab Republic,2003,5390,30.95
Asia,Western Asia,Syrian Arab Republic,2004,6365,35.70
Asia,Western Asia,Syrian Arab Republic,2005,6157,33.53
Asia,Western Asia,Syrian Arab Republic,2006,5543,29.08
Asia,Western Asia,Syrian Arab Republic,2007,653,3.28
Asia,Western Asia,Syrian Arab Republic,2008,559,2.71
Asia,Central Asia,Tajikistan,2006,5762,83.23
Asia,Central Asia,Tajikistan,2007,5730,81.13
Asia,Central Asia,Tajikistan,2008,7396,102.58
Asia,Central Asia,Tajikistan,2009,9489,128.84
Asia,Central Asia,Tajikistan,2010,5490,72.93
Asia,Central Asia,Tajikistan,2011,3735,48.52
Asia,South-Eastern Asia,Thailand,2005,28245,43.18
Asia,South-Eastern Asia,Thailand,2006,25798,39.20
Asia,South-Eastern Asia,Thailand,2007,26620,40.22
Asia,South-Eastern Asia,Thailand,2008,18804,28.26
Asia,South-Eastern Asia,Thailand,2009,18359,27.46
Americas,Caribbean,Trinidad and Tobago,2004,643,49.84
Americas,Caribbean,Trinidad and Tobago,2005,801,61.78
Americas,Caribbean,Trinidad and Tobago,2006,657,50.44
Americas,Caribbean,Trinidad and Tobago,2007,680,51.97
Americas,Caribbean,Trinidad and Tobago,2008,771,58.66
Americas,Caribbean,Trinidad and Tobago,2009,689,52.16
Americas,Caribbean,Trinidad and Tobago,2010,616,46.38
Americas,Caribbean,Trinidad and Tobago,2011,535,40.04
Americas,Caribbean,Trinidad and Tobago,2012,579,43.05
Asia,Western Asia,United Arab Emirates,2005,717,15.63
Asia,Western Asia,United Arab Emirates,2006,758,14.30
Asia,Western Asia,United Arab Emirates,2012,378,4.13
Asia,Western Asia,Turkey,2003,91997,139.20
Asia,Western Asia,Turkey,2004,97145,144.97
Asia,Western Asia,Turkey,2005,105721,155.69
Asia,Western Asia,Turkey,2006,138937,202.07
Asia,Western Asia,Turkey,2007,121913,175.21
Asia,Western Asia,Turkey,2008,166430,236.34
Asia,Western Asia,Turkey,2009,194059,272.09
Asia,Western Asia,Turkey,2010,220882,305.39
Asia,Western Asia,Turkey,2011,238395,324.60
Asia,Western Asia,Turkey,2012,262330,351.41
Asia,Central Asia,Turkmenistan,2005,90,1.89
Asia,Central Asia,Turkmenistan,2006,83,1.73
Africa,Eastern Africa,Uganda,2003,19491,75.02
Africa,Eastern Africa,Uganda,2004,25744,95.98
Africa,Eastern Africa,Uganda,2005,35092,126.76
Africa,Eastern Africa,Uganda,2006,43782,153.24
Africa,Eastern Africa,Uganda,2007,28839,97.80
Africa,Eastern Africa,Uganda,2008,21186,69.62
Africa,Eastern Africa,Uganda,2009,17118,54.50
Africa,Eastern Africa,Uganda,2010,22979,70.86
Europe,Eastern Europe,Ukraine,2003,5703,11.99
Europe,Eastern Europe,Ukraine,2004,5538,11.73
Europe,Eastern Europe,Ukraine,2005,6707,14.30
Europe,Eastern Europe,Ukraine,2006,6464,13.87
Europe,Eastern Europe,Ukraine,2007,5716,12.33
Europe,Eastern Europe,Ukraine,2008,4984,10.80
Europe,Eastern Europe,Ukraine,2009,5103,11.10
Europe,Eastern Europe,Ukraine,2010,4029,8.80
Europe,Southern Europe,North Macedonia,2006,441,21.38
Europe,Southern Europe,North Macedonia,2007,349,16.90
Europe,Southern Europe,North Macedonia,2008,213,10.30
Europe,Southern Europe,North Macedonia,2009,228,11.02
Europe,Southern Europe,North Macedonia,2010,248,11.98
Europe,Southern Europe,North Macedonia,2011,239,11.53
Europe,Southern Europe,North Macedonia,2012,211,10.17
Africa,Northern Africa,Egypt,2006,65,0.08
Africa,Northern Africa,Egypt,2007,71,0.09
Africa,Northern Africa,Egypt,2008,120,0.15
Africa,Northern Africa,Egypt,2009,134,0.17
Africa,Northern Africa,Egypt,2010,156,0.19
Africa,Northern Africa,Egypt,2011,339,0.40
Americas,Northern America,United States of America,2003,859030,296.41
Americas,Northern America,United States of America,2004,847381,289.85
Americas,Northern America,United States of America,2005,862220,292.28
Americas,Northern America,United States of America,2006,874096,293.56
Americas,Northern America,United States of America,2007,866358,288.20
Americas,Northern America,United States of America,2008,843683,278.00
Americas,Northern America,United States of America,2009,812514,265.26
Americas,Northern America,United States of America,2010,781844,253.01
Americas,Northern America,United States of America,2011,752423,241.48
Americas,South America,Uruguay,2006,615,18.49
Americas,South America,Uruguay,2007,656,19.69
Americas,South America,Uruguay,2008,768,22.99
Americas,South America,Uruguay,2009,849,25.35
Americas,South America,Uruguay,2010,519,15.45
Americas,South America,Uruguay,2011,514,15.26
Americas,South America,Uruguay,2012,469,13.88
Asia,Western Asia,Yemen,2009,25,0.11
Europe,Northern Europe,United Kingdom (England and Wales),2003,455514,861.68
Europe,Northern Europe,United Kingdom (England and Wales),2004,513173,965.48
Europe,Northern Europe,United Kingdom (England and Wales),2005,541455,"1,010.64"
Europe,Northern Europe,United Kingdom (England and Wales),2006,504718,935.51
Europe,Northern Europe,United Kingdom (England and Wales),2007,450766,828.81
Europe,Northern Europe,United Kingdom (Scotland),2003,62330,"1,229.75"
Europe,Northern Europe,United Kingdom (Scotland),2004,80486,"1,583.03"
Europe,Northern Europe,United Kingdom (Scotland),2005,78601,"1,538.12"
Europe,Northern Europe,United Kingdom (Scotland),2006,84692,"1,649.95"
Europe,Northern Europe,United Kingdom (Scotland),2007,79523,"1,538.16"
Europe,Northern Europe,United Kingdom (Scotland),2008,79892,"1,535.53"
Europe,Northern Europe,United Kingdom (Northern Ireland),2003,1116,65.46
Europe,Northern Europe,United Kingdom (Northern Ireland),2004,1089,63.53
Europe,Northern Europe,United Kingdom (Northern Ireland),2005,1095,63.38
Europe,Northern Europe,United Kingdom (Northern Ireland),2006,1164,66.78
Europe,Northern Europe,United Kingdom (Northern Ireland),2007,1148,65.16
Europe,Northern Europe,United Kingdom (Northern Ireland),2008,1549,87.06
Europe,Northern Europe,United Kingdom (Northern Ireland),2009,1605,89.50
Europe,Northern Europe,United Kingdom (Northern Ireland),2010,1451,80.40
Europe,Northern Europe,United Kingdom (Northern Ireland),2011,1446,79.70
Europe,Northern Europe,United Kingdom (Northern Ireland),2012,1278,70.08
Asia,Southern Asia,India,2004,276868,24.51
Asia,Southern Asia,India,2005,270861,23.60
Asia,Southern Asia,India,2006,264748,22.72
Asia,Southern Asia,India,2007,273067,23.08
Asia,Southern Asia,India,2008,284969,23.73
Asia,Southern Asia,India,2009,279214,22.93
Asia,Southern Asia,India,2010,289022,23.42
Americas,Caribbean,St. Kitts and Nevis,2009,148,304.53
Americas,Caribbean,St. Kitts and Nevis,2010,155,316.26
Americas,Caribbean,Bahamas,2009,2601,743.99
Americas,Caribbean,Bahamas,2010,3063,862.97
Americas,Caribbean,Bahamas,2011,3268,908.83
Americas,Caribbean,Bahamas,2012,3132,861.43
Europe,Eastern Europe,Russian Federation,2004,57453,39.88
Europe,Eastern Europe,Russian Federation,2005,57863,40.27
Europe,Eastern Europe,Russian Federation,2006,51429,35.86
Europe,Eastern Europe,Russian Federation,2007,47348,33.05
Europe,Eastern Europe,Russian Federation,2008,45436,31.72
Europe,Eastern Europe,Russian Federation,2009,43112,30.08
Europe,Southern Europe,Slovenia,2013,1849,89.62
Europe,Southern Europe,Slovenia,2012,2032,98.74
Europe,Eastern Europe,Republic of Moldova,2013,324,7.95
Europe,Southern Europe,Croatia,2013,823,19.24
Europe,Southern Europe,Montenegro,2013,173,27.62
Europe,Northern Europe,United Kingdom (England and Wales),2012,310953,549.70
Europe,Northern Europe,United Kingdom (England and Wales),2011,336867,599.72
Europe,Northern Europe,United Kingdom (England and Wales),2010,366878,658.76
Europe,Northern Europe,United Kingdom (England and Wales),2009,399713,723.66
Europe,Northern Europe,United Kingdom (England and Wales),2008,419119,764.23
Europe,Southern Europe,Malta,2013,218,51.16
Europe,Southern Europe,Andorra,2013,90,111.43
Europe,Southern Europe,Andorra,2011,144,171.94
Europe,Northern Europe,Ireland,2012,13566,294.39
Europe,Southern Europe,Spain,2013,16701,35.59
Asia,Western Asia,Cyprus,2013,132,11.54
Europe,Northern Europe,United Kingdom (Northern Ireland),2013,1093,59.74
Europe,Northern Europe,Latvia,2013,458,22.40
Europe,Southern Europe,Albania,2013,163,5.61
Asia,Southern Asia,Sri Lanka,2012,66137,322.11
Asia,Southern Asia,Sri Lanka,2011,66474,325.88
Asia,Southern Asia,Sri Lanka,2010,64616,318.91
Asia,Southern Asia,Sri Lanka,2009,59267,294.52
Asia,Southern Asia,Sri Lanka,2008,50466,252.53
Europe,Western Europe,Belgium,2008,76314,708.00
Americas,South America,Brazil,2013,661494,329.04
Europe,Eastern Europe,Bulgaria,2013,2470,33.88
Africa,Eastern Africa,Burundi,2013,431,4.52
Africa,Eastern Africa,Burundi,2012,455,4.92
Americas,Central America,Costa Rica,2013,8221,173.36
Americas,Northern America,Canada,2012,53339,152.74
Europe,Eastern Europe,Czechia,2013,18689,176.54
Europe,Northern Europe,Iceland,2013,92,28.12
Asia,South-Eastern Asia,Indonesia,2013,35153,13.96
Europe,Northern Europe,Lithuania,2013,211,7.01
Americas,Central America,Panama,2013,4236,110.44
Americas,South America,Paraguay,2012,2024,31.52
Americas,South America,Paraguay,2011,2012,31.77
Americas,South America,Paraguay,2010,1947,31.16
Americas,South America,Paraguay,2008,2115,34.78
Americas,South America,Peru,2009,55291,192.03
Americas,South America,Peru,2008,54356,190.31
Europe,Eastern Europe,Romania,2013,17572,87.28
Europe,Eastern Europe,Slovakia,2013,2017,37.20
Americas,South America,Uruguay,2013,426,12.57
Africa,Eastern Africa,Kenya,2013,13674,30.04
Americas,Caribbean,Barbados,2013,1250,439.69
Asia,Eastern Asia,Japan,2008,60126,46.78
Europe,Western Europe,Liechtenstein,2013,103,278.83
Americas,Central America,El Salvador,2013,4322,68.97
Americas,Central America,El Salvador,2010,3891,62.92
Americas,Central America,El Salvador,2009,3901,63.35
Americas,Central America,El Salvador,2008,3428,55.91
Americas,Caribbean,Trinidad and Tobago,2013,542,40.04
Europe,Southern Europe,Kosovo under UNSCR 1244,2013,653,35.87
Europe,Southern Europe,Kosovo under UNSCR 1244,2012,3805,209.57
Europe,Southern Europe,Kosovo under UNSCR 1244,2011,3743,208.62
Europe,Southern Europe,Kosovo under UNSCR 1244,2010,3760,170.28
Europe,Southern Europe,Kosovo under UNSCR 1244,2009,3539,162.29
Europe,Southern Europe,Kosovo under UNSCR 1244,2008,3376,193.25
Europe,Southern Europe,Montenegro,2008,196,31.55
Europe,Southern Europe,Montenegro,2009,186,29.86
Europe,Southern Europe,Montenegro,2010,193,30.92
Europe,Southern Europe,Montenegro,2011,161,25.75
Europe,Southern Europe,Montenegro,2012,168,26.84
Europe,Southern Europe,Bosnia and Herzegovina,2013,577,16.29
Asia,Eastern Asia,Mongolia,2013,7564,262.48
Americas,South America,Guyana,2013,6501,856.20
Africa,Northern Africa,Morocco,2013,67763,200.98
Americas,Northern America,United States of America,2012,762009,242.64
Europe,Northern Europe,Norway,2013,2566,50.52
Europe,Western Europe,Switzerland,2013,568,7.00
Asia,South-Eastern Asia,Singapore,2013,476,8.73
Asia,Central Asia,Kyrgyzstan,2013,306,5.34
Asia,Central Asia,Kyrgyzstan,2012,414,7.36
Africa,Northern Africa,Algeria,2013,54472,142.82
Asia,Western Asia,Azerbaijan,2013,132,1.41
Africa,Western Africa,Cabo Verde,2013,4013,784.19
Europe,Northern Europe,Estonia,2013,99,7.51
Asia,Southern Asia,India,2013,334669,26.13
Asia,Southern Asia,India,2012,332324,26.25
Asia,Southern Asia,India,2011,302847,24.22
Africa,Western Africa,Nigeria,2013,16487,9.60
Africa,Eastern Africa,Rwanda,2013,3299,30.51
Asia,Eastern Asia,Hong Kong Special Administrative Region of China,2013,6623,93.43
Europe,Western Europe,Netherlands,2011,59425,355.03
Europe,Western Europe,Netherlands,2010,60280,361.33
Asia,Eastern Asia,Macao Special Administrative Region of China,2013,1700,294.44
Asia,Eastern Asia,Macao Special Administrative Region of China,2012,1754,310.97
Asia,Eastern Asia,Macao Special Administrative Region of China,2011,1728,313.71
Asia,Eastern Asia,Macao Special Administrative Region of China,2010,1836,341.13
Asia,Eastern Asia,Macao Special Administrative Region of China,2009,1879,356.95
Asia,Eastern Asia,Macao Special Administrative Region of China,2008,1998,387.79
Asia,Western Asia,Lebanon,2008,7950,166.85
Europe,Southern Europe,Italy,2013,66317,110.22
Europe,Southern Europe,North Macedonia,2013,216,10.40
Europe,Western Europe,Luxembourg,2013,3018,556.26
Asia,South-Eastern Asia,Myanmar,2012,2312,4.50
Asia,South-Eastern Asia,Myanmar,2011,2228,4.37
Asia,South-Eastern Asia,Myanmar,2010,2681,5.30
Asia,South-Eastern Asia,Myanmar,2009,2886,5.74
Americas,Caribbean,Puerto Rico,2013,2395,68.35
Americas,Caribbean,Puerto Rico,2012,2733,77.28
Americas,Caribbean,Puerto Rico,2011,2894,81.30
Americas,Caribbean,Puerto Rico,2010,2714,75.81
Americas,Caribbean,Puerto Rico,2009,3440,95.65
Americas,Caribbean,Puerto Rico,2008,3115,86.34
Asia,Eastern Asia,Republic of Korea,2013,55884,111.00
Oceania,Australia and New Zealand,New Zealand,2013,8951,198.10
Asia,Eastern Asia,Japan,2014,26653,20.80
Asia,Eastern Asia,Japan,2013,27864,21.72
Asia,Eastern Asia,Japan,2012,28058,21.85
Asia,Eastern Asia,Japan,2011,25928,20.18
Asia,Eastern Asia,Japan,2010,26647,20.73
Asia,Eastern Asia,Japan,2009,26574,20.67
Europe,Western Europe,Liechtenstein,2014,120,322.42
Asia,Eastern Asia,Macao Special Administrative Region of China,2014,1783,302.10
Asia,Western Asia,United Arab Emirates,2014,316,3.43
Asia,Western Asia,United Arab Emirates,2013,311,3.38
Europe,Southern Europe,Albania,2014,132,4.56
Americas,Northern America,Bermuda,2012,552,852.68
Americas,Northern America,Bermuda,2011,559,859.00
Americas,Northern America,Bermuda,2010,617,943.60
Americas,Northern America,Bermuda,2009,702,"1,068.90"
Europe,Eastern Europe,Bulgaria,2014,2533,34.96
Europe,Eastern Europe,Hungary,2014,13475,137.43
Europe,Eastern Europe,Hungary,2013,13377,136.03
Europe,Eastern Europe,Hungary,2012,13973,141.65
Europe,Eastern Europe,Hungary,2011,14212,143.62
Europe,Eastern Europe,Hungary,2010,14569,146.76
Europe,Eastern Europe,Hungary,2009,12787,128.39
Europe,Northern Europe,Lithuania,2014,204,6.87
Europe,Southern Europe,Slovenia,2014,1657,80.15
Europe,Northern Europe,Latvia,2014,569,28.15
Europe,Southern Europe,Malta,2014,160,37.19
Europe,Southern Europe,Montenegro,2014,129,20.59
Europe,Eastern Europe,Romania,2014,2279,11.37
Europe,Northern Europe,United Kingdom (Scotland),2012,3643,68.56
Europe,Northern Europe,United Kingdom (Scotland),2011,4693,88.55
Europe,Northern Europe,United Kingdom (Scotland),2010,5493,104.39
Europe,Northern Europe,United Kingdom (Scotland),2009,5621,107.44
Africa,Northern Africa,Algeria,2014,53853,138.36
Europe,Northern Europe,Estonia,2014,77,5.85
Americas,Central America,Guatemala,2012,6086,39.85
Americas,Central America,Guatemala,2011,6237,41.72
Americas,Central America,Guatemala,2010,7452,50.93
Americas,Central America,Guatemala,2009,7603,53.11
Asia,South-Eastern Asia,Singapore,2014,513,9.28
Asia,South-Eastern Asia,Thailand,2014,12675,18.52
Asia,South-Eastern Asia,Thailand,2013,12491,18.33
Asia,South-Eastern Asia,Thailand,2012,13654,20.13
Asia,South-Eastern Asia,Thailand,2011,13322,19.73
Asia,South-Eastern Asia,Thailand,2010,9112,13.56
Europe,Eastern Europe,Belarus,2014,830,8.80
Europe,Eastern Europe,Belarus,2013,852,9.04
Africa,Middle Africa,Cameroon,2009,1486,7.51
Europe,Southern Europe,Croatia,2014,766,18.00
Asia,Western Asia,Cyprus,2014,134,11.63
Americas,Central America,El Salvador,2014,3920,62.27
Europe,Southern Europe,Holy See,2014,0,0.00
Europe,Southern Europe,Holy See,2013,0,0.00
Europe,Southern Europe,Holy See,2012,0,0.00
Europe,Southern Europe,Holy See,2011,0,0.00
Europe,Southern Europe,Holy See,2010,0,0.00
Europe,Southern Europe,Holy See,2009,0,0.00
Europe,Eastern Europe,Republic of Moldova,2014,320,7.86
Europe,Western Europe,Switzerland,2014,609,7.42
Americas,Caribbean,Barbados,2014,1465,514.35
Europe,Southern Europe,Bosnia and Herzegovina,2014,592,17.00
Europe,Western Europe,Germany,2014,125752,154.39
Europe,Western Europe,Germany,2013,127869,157.52
Europe,Western Europe,Germany,2012,136077,168.05
Europe,Western Europe,Germany,2011,139091,172.02
Europe,Western Europe,Germany,2010,142903,176.80
Europe,Western Europe,Germany,2009,149301,184.55
Europe,Western Europe,Luxembourg,2012,2994,564.00
Asia,Eastern Asia,Mongolia,2014,8132,276.59
Europe,Eastern Europe,Poland,2012,9721,25.43
Europe,Eastern Europe,Poland,2011,10703,27.95
Europe,Eastern Europe,Poland,2010,11011,28.73
Europe,Eastern Europe,Poland,2009,12559,32.75
Europe,Southern Europe,Spain,2014,16776,35.86
Americas,South America,Ecuador,2014,7430,46.58
Americas,South America,Ecuador,2013,8560,54.50
Americas,South America,Ecuador,2012,8242,53.26
Americas,South America,Ecuador,2011,6309,41.39
Americas,South America,Ecuador,2010,4505,30.01
Americas,South America,Ecuador,2009,4078,27.60
Asia,Western Asia,Azerbaijan,2014,160,1.68
Asia,Western Asia,Azerbaijan,2011,153,1.67
Asia,Western Asia,Azerbaijan,2010,172,1.90
Asia,Western Asia,Azerbaijan,2009,184,2.06
Asia,Western Asia,Georgia,2014,228,5.65
Americas,Caribbean,Trinidad and Tobago,2014,558,40.96
Asia,South-Eastern Asia,Indonesia,2014,36980,14.49
Europe,Southern Europe,Andorra,2014,123,155.28
Europe,Western Europe,France,2009,220126,351.96
Americas,South America,Paraguay,2013,837,12.86
Americas,South America,Paraguay,2009,2071,33.60
Europe,Western Europe,Belgium,2009,77665,715.15
Americas,Caribbean,Grenada,2013,1394,"1,288.69"
Americas,Caribbean,Grenada,2012,1313,"1,221.94"
Americas,Caribbean,Grenada,2011,1236,"1,157.46"
Americas,Caribbean,Grenada,2010,1152,"1,084.47"
Americas,Caribbean,Grenada,2009,1175,"1,110.72"
Europe,Northern Europe,Norway,2014,2377,46.22
Asia,Western Asia,Lebanon,2014,8514,135.98
Asia,Western Asia,Lebanon,2013,8222,139.05
Asia,Western Asia,Lebanon,2012,8658,156.35
Asia,Western Asia,Lebanon,2011,8956,172.16
Asia,Western Asia,Lebanon,2010,9496,191.72
Asia,Western Asia,Lebanon,2009,9100,189.07
Africa,Eastern Africa,Burundi,2014,549,5.58
Oceania,Australia and New Zealand,New Zealand,2014,9900,216.75
Asia,Eastern Asia,Republic of Korea,2014,50281,99.35
Americas,Caribbean,Puerto Rico,2014,2475,71.66
Africa,Eastern Africa,Uganda,2013,16702,46.79
Africa,Eastern Africa,Uganda,2012,18030,52.17
Africa,Eastern Africa,Uganda,2011,19023,56.82
Africa,Eastern Africa,Madagascar,2010,3450,16.31
Africa,Middle Africa,Cameroon,2010,4917,24.17
Africa,Eastern Africa,Madagascar,2011,3434,15.79
Africa,Middle Africa,Cameroon,2011,5281,25.26
Africa,Eastern Africa,Madagascar,2012,2115,9.46
Africa,Middle Africa,Cameroon,2012,5764,26.83
Africa,Western Africa,Cabo Verde,2012,4116,814.66
Africa,Eastern Africa,Madagascar,2013,2744,11.95
Africa,Middle Africa,Cameroon,2013,5630,25.50
Africa,Western Africa,Guinea-Bissau,2013,2914,176.79
Africa,Eastern Africa,Kenya,2014,13949,29.87
Africa,Eastern Africa,Madagascar,2014,2542,10.78
Africa,Eastern Africa,Uganda,2014,8210,22.24
Africa,Eastern Africa,United Republic of Tanzania,2014,1834,3.67
Africa,Middle Africa,Cameroon,2014,3690,16.27
Africa,Southern Africa,Botswana,2014,16847,806.61
Africa,Southern Africa,South Africa,2014,182556,334.69
Africa,Western Africa,Cabo Verde,2014,4117,794.36
Africa,Western Africa,Guinea-Bissau,2014,3314,195.81
Africa,Eastern Africa,Kenya,2015,14921,31.16
Africa,Eastern Africa,Madagascar,2015,2189,9.03
Africa,Eastern Africa,Uganda,2015,10065,26.33
Africa,Eastern Africa,United Republic of Tanzania,2015,2361,4.59
Africa,Middle Africa,Cameroon,2015,4805,20.62
Africa,Northern Africa,Algeria,2015,49091,123.57
Africa,Northern Africa,Morocco,2015,56275,162.35
Africa,Southern Africa,South Africa,2015,182933,330.29
Africa,Western Africa,Cabo Verde,2015,4205,801.35
Africa,Western Africa,Guinea-Bissau,2015,1331,76.62
Africa,Eastern Africa,Kenya,2016,15705,32.02
Africa,Eastern Africa,Uganda,2016,7019,17.70
Africa,Middle Africa,Cameroon,2016,1850,7.73
Africa,Northern Africa,Morocco,2016,64657,184.07
Africa,Southern Africa,South Africa,2016,170616,303.55
Africa,Western Africa,Cabo Verde,2016,3804,716.20
Africa,Western Africa,Guinea-Bissau,2016,2000,112.21
Africa,Eastern Africa,Kenya,2017,15968,31.80
Africa,Eastern Africa,Uganda,2017,5732,13.92
Africa,Middle Africa,Cameroon,2017,4458,18.15
Africa,Northern Africa,Morocco,2017,117883,331.31
Africa,Southern Africa,South Africa,2017,167352,293.55
Africa,Western Africa,Benin,2017,5335,47.74
Africa,Western Africa,Cabo Verde,2017,3393,631.26
Africa,Eastern Africa,Kenya,2018,17512,34.07
Africa,Northern Africa,Morocco,2018,111328,308.99
Africa,Western Africa,Cabo Verde,2018,3015,554.47
Americas,South America,Colombia,2009,55124,123.18
Americas,South America,Colombia,2010,53140,117.51
Americas,South America,Peru,2010,19053,65.64
Americas,South America,Colombia,2011,62185,136.18
Americas,South America,Peru,2011,20717,70.79
Americas,Central America,Belize,2012,923,273.08
Americas,South America,Colombia,2012,82181,178.36
Americas,South America,Peru,2012,25022,84.80
Americas,Caribbean,Dominican Republic,2013,3833,38.15
Americas,Caribbean,Jamaica,2013,4941,172.84
Americas,Central America,Guatemala,2013,2786,17.86
Americas,Central America,Honduras,2013,1734,19.71
Americas,Central America,Mexico,2013,32202,27.10
Americas,Northern America,Bermuda,2013,56,86.98
Americas,Northern America,Canada,2013,49260,139.56
Americas,Northern America,United States of America,2013,726800,229.71
Americas,South America,Bolivia (Plurinational State of),2013,12625,119.75
Americas,South America,Chile,2013,14313,81.46
Americas,South America,Colombia,2013,167111,359.41
Americas,South America,Peru,2013,26163,87.87
Americas,Caribbean,Bahamas,2014,5145,"1,388.20"
Americas,Caribbean,Dominica,2014,76,106.91
Americas,Caribbean,Dominican Republic,2014,4275,42.06
Americas,Caribbean,Grenada,2014,529,485.77
Americas,Caribbean,Jamaica,2014,3918,136.27
Americas,Central America,Belize,2014,1042,294.88
Americas,Central America,Costa Rica,2014,8477,176.77
Americas,Central America,Guatemala,2014,2417,15.18
Americas,Central America,Honduras,2014,1497,16.72
Americas,Central America,Mexico,2014,39937,33.18
Americas,Central America,Panama,2014,4063,104.14
Americas,Northern America,Bermuda,2014,61,95.26
Americas,Northern America,Canada,2014,48369,135.62
Americas,Northern America,United States of America,2014,731100,229.42
Americas,South America,Argentina,2014,178611,418.91
Americas,South America,Bolivia (Plurinational State of),2014,9513,88.85
Americas,South America,Brazil,2014,606252,298.99
Americas,South America,Chile,2014,13359,75.22
Americas,South America,Colombia,2014,167645,356.94
Americas,South America,Paraguay,2014,779,11.80
Americas,South America,Peru,2014,24806,82.44
Americas,South America,Suriname,2014,433,78.26
Americas,South America,Uruguay,2014,470,13.82
Americas,Caribbean,Antigua and Barbuda,2015,7,7.48
Americas,Caribbean,Bahamas,2015,4562,"1,219.13"
Americas,Caribbean,Barbados,2015,1474,516.60
Americas,Caribbean,Dominica,2015,88,123.64
Americas,Caribbean,Dominican Republic,2015,3889,37.82
Americas,Caribbean,Grenada,2015,494,450.72
Americas,Caribbean,Jamaica,2015,2933,101.45
Americas,Caribbean,Puerto Rico,2015,2960,87.53
Americas,Caribbean,Trinidad and Tobago,2015,600,43.79
Americas,Central America,Costa Rica,2015,8517,175.69
Americas,Central America,El Salvador,2015,5887,93.07
Americas,Central America,Guatemala,2015,2364,14.55
Americas,Central America,Honduras,2015,1328,14.57
Americas,Central America,Mexico,2015,46211,37.92
Americas,Central America,Panama,2015,2843,71.64
Americas,Northern America,Bermuda,2015,58,91.06
Americas,Northern America,Canada,2015,50708,140.75
Americas,Northern America,United States of America,2015,764100,238.13
Americas,South America,Argentina,2015,181321,420.94
Americas,South America,Bolivia (Plurinational State of),2015,8647,79.55
Americas,South America,Brazil,2015,621009,303.71
Americas,South America,Chile,2015,12304,68.47
Americas,South America,Colombia,2015,175106,368.48
Americas,South America,Ecuador,2015,8016,49.44
Americas,South America,Guyana,2015,9269,"1,207.79"
Americas,South America,Paraguay,2015,685,10.24
Americas,South America,Peru,2015,24778,81.32
Americas,South America,Suriname,2015,310,55.44
Americas,South America,Uruguay,2015,469,13.75
Americas,South America,Venezuela (Bolivarian Republic of),2015,4106,13.65
Americas,Caribbean,Antigua and Barbuda,2016,5,5.29
Americas,Caribbean,Bahamas,2016,4276,"1,131.45"
Americas,Caribbean,Barbados,2016,1559,545.49
Americas,Caribbean,Dominica,2016,111,155.66
Americas,Caribbean,Dominican Republic,2016,3142,30.22
Americas,Caribbean,Grenada,2016,437,396.33
Americas,Caribbean,Jamaica,2016,2262,77.83
Americas,Caribbean,Puerto Rico,2016,3586,109.23
Americas,Caribbean,St. Vincent and the Grenadines,2016,821,750.00
Americas,Central America,Costa Rica,2016,7529,153.67
Americas,Central America,El Salvador,2016,2506,39.43
Americas,Central America,Guatemala,2016,1849,11.15
Americas,Central America,Honduras,2016,1347,14.53
Americas,Central America,Mexico,2016,63654,51.61
Americas,Central America,Panama,2016,2511,62.20
Americas,Northern America,Bermuda,2016,46,72.60
Americas,Northern America,Canada,2016,53411,146.80
Americas,Northern America,United States of America,2016,803000,248.59
Americas,South America,Argentina,2016,142986,328.64
Americas,South America,Bolivia (Plurinational State of),2016,8108,73.50
Americas,South America,Brazil,2016,600920,291.48
Americas,South America,Chile,2016,12007,65.94
Americas,South America,Colombia,2016,179607,372.82
Americas,South America,Ecuador,2016,7312,44.34
Americas,South America,Guyana,2016,1154,149.61
Americas,South America,Paraguay,2016,664,9.80
Americas,South America,Peru,2016,22720,73.47
Americas,South America,Suriname,2016,396,70.10
Americas,South America,Uruguay,2016,472,13.78
Americas,South America,Venezuela (Bolivarian Republic of),2016,3009,10.08
Americas,Caribbean,Antigua and Barbuda,2017,7,7.34
Americas,Caribbean,Bahamas,2017,3854,"1,009.56"
Americas,Caribbean,Barbados,2017,1437,502.05
Americas,Caribbean,Dominica,2017,63,88.16
Americas,Caribbean,Grenada,2017,375,338.22
Americas,Caribbean,Jamaica,2017,2884,98.74
Americas,Caribbean,Puerto Rico,2017,3814,120.56
Americas,Central America,Belize,2017,1045,278.09
Americas,Central America,Costa Rica,2017,7695,155.46
Americas,Central America,El Salvador,2017,3745,58.62
Americas,Central America,Honduras,2017,2053,21.77
Americas,Central America,Mexico,2017,55184,44.23
Americas,Central America,Panama,2017,3870,94.23
Americas,Northern America,Bermuda,2017,37,58.69
Americas,Northern America,Canada,2017,55394,150.81
Americas,Northern America,United States of America,2017,810300,249.26
Americas,South America,Argentina,2017,142125,323.47
Americas,South America,Bolivia (Plurinational State of),2017,7588,67.79
Americas,South America,Brazil,2017,591881,284.79
Americas,South America,Chile,2017,10969,59.39
Americas,South America,Colombia,2017,171449,350.54
Americas,South America,Ecuador,2017,6522,38.86
Americas,South America,Guyana,2017,2102,271.15
Americas,South America,Paraguay,2017,652,9.49
Americas,South America,Peru,2017,26028,82.77
Americas,South America,Suriname,2017,360,63.10
Americas,South America,Uruguay,2017,427,12.42
Americas,South America,Venezuela (Bolivarian Republic of),2017,3158,10.74
Americas,Caribbean,Antigua and Barbuda,2018,8,8.31
Americas,Caribbean,Bahamas,2018,4035,"1,046.33"
Americas,Caribbean,Dominica,2018,74,103.31
Americas,Caribbean,Haiti,2018,1278,11.49
Americas,Caribbean,Jamaica,2018,2919,99.46
Americas,Caribbean,Puerto Rico,2018,3298,108.50
Americas,Central America,Honduras,2018,2321,24.21
Americas,Central America,Mexico,2018,46797,37.08
Americas,Central America,Panama,2018,4264,102.09
Americas,Northern America,United States of America,2018,807400,246.84
Americas,South America,Argentina,2018,135982,306.53
Americas,South America,Bolivia (Plurinational State of),2018,8039,70.81
Americas,South America,Brazil,2018,574614,274.32
Americas,South America,Chile,2018,12214,65.21
Americas,South America,Colombia,2018,171881,346.11
Americas,South America,Ecuador,2018,6426,37.61
Americas,South America,Guyana,2018,524,67.27
Americas,South America,Paraguay,2018,580,8.34
Americas,South America,Peru,2018,46468,145.26
Americas,South America,Uruguay,2018,525,15.22
Americas,South America,Venezuela (Bolivarian Republic of),2018,1880,6.51
Asia,Western Asia,Iraq (Central Iraq),2008,13321,53.62
Asia,Western Asia,Iraq (Central Iraq),2009,17084,66.92
Asia,Central Asia,Kazakhstan,2010,1591,9.79
Asia,Southern Asia,Pakistan,2010,35573,19.83
Asia,Western Asia,Armenia,2010,155,5.39
Asia,Western Asia,Iraq (Central Iraq),2010,25847,98.30
Asia,Central Asia,Kazakhstan,2011,1962,11.90
Asia,Southern Asia,Pakistan,2011,36204,19.75
Asia,Western Asia,Armenia,2011,161,5.60
Asia,Western Asia,Iraq (Central Iraq),2011,28344,104.42
Asia,Southern Asia,Pakistan,2012,32194,17.19
Asia,Western Asia,Armenia,2012,157,5.44
Asia,Western Asia,Iraq (Central Iraq),2012,32954,117.38
Asia,Central Asia,Kazakhstan,2013,1361,7.99
Asia,South-Eastern Asia,Myanmar,2013,5003,9.65
Asia,Southern Asia,Pakistan,2013,32223,16.85
Asia,Southern Asia,Sri Lanka,2013,4098,19.83
Asia,Western Asia,Armenia,2013,176,6.07
Asia,Western Asia,Iraq (Central Iraq),2013,27935,96.15
Asia,Western Asia,Turkey,2013,74938,98.70
Asia,Central Asia,Kazakhstan,2014,957,5.53
Asia,Central Asia,Kyrgyzstan,2014,380,6.50
Asia,Central Asia,Uzbekistan,2014,1451,4.77
Asia,South-Eastern Asia,Myanmar,2014,5190,9.93
Asia,Southern Asia,Bhutan,2014,521,72.46
Asia,Southern Asia,Maldives,2014,449,103.21
Asia,Southern Asia,Pakistan,2014,33432,17.12
Asia,Southern Asia,Sri Lanka,2014,4037,19.42
Asia,Western Asia,Armenia,2014,198,6.80
Asia,Western Asia,Iraq (Central Iraq),2014,25008,83.23
Asia,Western Asia,Oman,2014,40,0.99
Asia,Western Asia,Turkey,2014,79405,102.82
Asia,Central Asia,Kazakhstan,2015,900,5.12
Asia,Central Asia,Kyrgyzstan,2015,359,6.02
Asia,Central Asia,Uzbekistan,2015,1478,4.78
Asia,Eastern Asia,Japan,2015,25183,19.68
Asia,Eastern Asia,Macao Special Administrative Region of China,2015,11,1.83
Asia,Eastern Asia,Mongolia,2015,445,14.84
Asia,Eastern Asia,Republic of Korea,2015,48005,94.46
Asia,South-Eastern Asia,Indonesia,2015,14559,5.63
Asia,South-Eastern Asia,Myanmar,2015,4885,9.27
Asia,South-Eastern Asia,Singapore,2015,473,8.46
Asia,South-Eastern Asia,Thailand,2015,13677,19.90
Asia,Southern Asia,Bhutan,2015,439,60.31
Asia,Southern Asia,Maldives,2015,372,81.77
Asia,Southern Asia,Pakistan,2015,28979,14.53
Asia,Southern Asia,Sri Lanka,2015,3792,18.14
Asia,Western Asia,Armenia,2015,163,5.57
Asia,Western Asia,Cyprus,2015,143,12.32
Asia,Western Asia,Lebanon,2015,7769,118.93
Asia,Western Asia,Oman,2015,44,1.03
Asia,Western Asia,Saudi Arabia,2015,437,1.38
Asia,Western Asia,United Arab Emirates,2015,320,3.45
Asia,Central Asia,Kyrgyzstan,2016,283,4.66
Asia,Central Asia,Uzbekistan,2016,1505,4.79
Asia,Eastern Asia,Japan,2016,24365,19.07
Asia,Eastern Asia,Macao Special Administrative Region of China,2016,10,1.63
Asia,Eastern Asia,Mongolia,2016,443,14.49
Asia,Eastern Asia,Republic of Korea,2016,50028,98.13
Asia,South-Eastern Asia,Indonesia,2016,14468,5.53
Asia,South-Eastern Asia,Myanmar,2016,4619,8.71
Asia,South-Eastern Asia,Singapore,2016,492,8.70
Asia,Southern Asia,Bhutan,2016,400,54.30
Asia,Southern Asia,Maldives,2016,377,79.28
Asia,Southern Asia,Nepal,2016,66,0.24
Asia,Southern Asia,Pakistan,2016,29694,14.58
Asia,Southern Asia,Sri Lanka,2016,3563,16.95
Asia,Western Asia,Armenia,2016,186,6.33
Asia,Western Asia,Azerbaijan,2016,333,3.42
Asia,Western Asia,Cyprus,2016,145,12.39
Asia,Western Asia,Lebanon,2016,7491,111.57
Asia,Western Asia,Oman,2016,41,0.92
Asia,Western Asia,United Arab Emirates,2016,348,3.72
Asia,Central Asia,Kazakhstan,2017,2050,11.34
Asia,Central Asia,Kyrgyzstan,2017,246,3.97
Asia,Central Asia,Uzbekistan,2017,1397,4.37
Asia,Eastern Asia,Macao Special Administrative Region of China,2017,7,1.12
Asia,Eastern Asia,Mongolia,2017,459,14.74
Asia,Eastern Asia,Republic of Korea,2017,44611,87.31
Asia,South-Eastern Asia,Indonesia,2017,12405,4.69
Asia,South-Eastern Asia,Singapore,2017,420,7.36
Asia,Southern Asia,Bhutan,2017,980,131.44
Asia,Southern Asia,Maldives,2017,354,71.31
Asia,Southern Asia,Pakistan,2017,27306,13.13
Asia,Southern Asia,Sri Lanka,2017,3205,15.17
Asia,Western Asia,Armenia,2017,181,6.15
Asia,Western Asia,Azerbaijan,2017,369,3.75
Asia,Western Asia,Cyprus,2017,144,12.21
Asia,Western Asia,Oman,2017,64,1.37
Asia,Western Asia,Saudi Arabia,2017,1845,5.57
Asia,Western Asia,United Arab Emirates,2017,223,2.35
Asia,Central Asia,Kyrgyzstan,2018,160,2.54
Asia,Eastern Asia,Hong Kong Special Administrative Region of China,2018,4795,65.05
Asia,Eastern Asia,Macao Special Administrative Region of China,2018,7,1.11
Asia,Eastern Asia,Mongolia,2018,326,10.28
Asia,Eastern Asia,Republic of Korea,2018,52867,103.31
Asia,South-Eastern Asia,Indonesia,2018,11191,4.18
Asia,South-Eastern Asia,Myanmar,2018,4680,8.71
Asia,South-Eastern Asia,Singapore,2018,436,7.57
Asia,South-Eastern Asia,Thailand,2018,9239,13.31
Asia,Southern Asia,Bhutan,2018,1098,145.55
Asia,Southern Asia,Pakistan,2018,26542,12.51
Asia,Southern Asia,Sri Lanka,2018,2889,13.61
Asia,Western Asia,Armenia,2018,179,6.06
Asia,Western Asia,Azerbaijan,2018,304,3.06
Asia,Western Asia,Cyprus,2018,132,11.10
Asia,Western Asia,Georgia,2018,185,4.62
Asia,Western Asia,Oman,2018,49,1.01
Asia,Western Asia,State of Palestine,2018,741,15.24
Asia,Western Asia,Syrian Arab Republic,2018,135,0.80
Asia,Western Asia,United Arab Emirates,2018,209,2.17
Europe,Eastern Europe,Russian Federation,2010,30403,21.19
Europe,Northern Europe,Denmark,2010,1753,31.56
Europe,Northern Europe,Finland,2010,1996,37.20
Europe,Northern Europe,Sweden,2010,5594,59.57
Europe,Southern Europe,Greece,2010,1101,10.11
Europe,Southern Europe,Portugal,2010,863,8.14
Europe,Western Europe,Belgium,2010,77758,710.85
Europe,Western Europe,France,2010,231909.06,368.81
Europe,Eastern Europe,Russian Federation,2011,29647,20.63
Europe,Northern Europe,Denmark,2011,1696,30.38
Europe,Northern Europe,Finland,2011,2953,54.79
Europe,Northern Europe,Sweden,2011,5684,60.04
Europe,Southern Europe,Greece,2011,1425,13.16
Europe,Southern Europe,Portugal,2011,812,7.68
Europe,Western Europe,Belgium,2011,78778,715.26
Europe,Western Europe,France,2011,231306.5,365.86
Europe,Eastern Europe,Russian Federation,2012,29045,20.17
Europe,Northern Europe,Finland,2012,1874,34.61
Europe,Northern Europe,Sweden,2012,5338,55.94
Europe,Southern Europe,Greece,2012,1692,15.69
Europe,Southern Europe,Portugal,2012,701,6.66
Europe,Western Europe,Belgium,2012,72312,652.32
Europe,Western Europe,France,2012,231733.31,364.57
Europe,Western Europe,Netherlands,2012,57300,341.24
Europe,Eastern Europe,Poland,2013,9118,23.90
Europe,Eastern Europe,Russian Federation,2013,30453,21.10
Europe,Northern Europe,Denmark,2013,1503,26.66
Europe,Northern Europe,Finland,2013,1791,32.93
Europe,Northern Europe,Ireland,2013,3089,66.93
Europe,Northern Europe,Sweden,2013,4659,48.44
Europe,Northern Europe,United Kingdom (England and Wales),2013,321535,564.61
Europe,Northern Europe,United Kingdom (Scotland),2013,2951,55.39
Europe,Southern Europe,Greece,2013,1610,14.99
Europe,Southern Europe,Portugal,2013,580,5.54
Europe,Southern Europe,Serbia,2013,1750,19.62
Europe,Western Europe,Austria,2013,3327,38.88
Europe,Western Europe,Belgium,2013,69746,625.30
Europe,Western Europe,France,2013,233304.05,365.15
Europe,Western Europe,Netherlands,2013,5581,33.13
Europe,Eastern Europe,Czechia,2014,5199,49.09
Europe,Eastern Europe,Poland,2014,8248,21.65
Europe,Eastern Europe,Russian Federation,2014,29286,20.24
Europe,Eastern Europe,Slovakia,2014,1988,36.62
Europe,Northern Europe,Denmark,2014,1533,27.06
Europe,Northern Europe,Finland,2014,1645,30.12
Europe,Northern Europe,Iceland,2014,101,30.74
Europe,Northern Europe,Ireland,2014,3163,68.36
Europe,Northern Europe,Sweden,2014,4570,47.15
Europe,Northern Europe,United Kingdom (England and Wales),2014,373464,650.54
Europe,Northern Europe,United Kingdom (Northern Ireland),2014,1172,63.68
Europe,Northern Europe,United Kingdom (Scotland),2014,2903,54.29
Europe,Southern Europe,Greece,2014,1459,13.63
Europe,Southern Europe,Italy,2014,67004,110.92
Europe,Southern Europe,Kosovo under UNSCR 1244,2014,818,45.32
Europe,Southern Europe,North Macedonia,2014,213,10.25
Europe,Southern Europe,Portugal,2014,542,5.20
Europe,Southern Europe,Serbia,2014,1506,16.92
Europe,Western Europe,Austria,2014,3230,37.49
Europe,Western Europe,Belgium,2014,70411,627.48
Europe,Western Europe,France,2014,237915.5,370.62
Europe,Western Europe,Luxembourg,2014,728,131.29
Europe,Western Europe,Monaco,2014,154,412.65
Europe,Western Europe,Netherlands,2014,5340,31.61
Europe,Eastern Europe,Belarus,2015,842,8.92
Europe,Eastern Europe,Bulgaria,2015,2520,35.00
Europe,Eastern Europe,Czechia,2015,5229,49.32
Europe,Eastern Europe,Poland,2015,6957,18.29
Europe,Eastern Europe,Republic of Moldova,2015,252,6.19
Europe,Eastern Europe,Romania,2015,299,1.50
Europe,Eastern Europe,Russian Federation,2015,27258,18.80
Europe,Eastern Europe,Slovakia,2015,1862,34.26
Europe,Northern Europe,Denmark,2015,1460,25.66
Europe,Northern Europe,Estonia,2015,98,7.45
Europe,Northern Europe,Finland,2015,1563,28.52
Europe,Northern Europe,Iceland,2015,85,25.74
Europe,Northern Europe,Ireland,2015,3516,75.57
Europe,Northern Europe,Latvia,2015,534,26.73
Europe,Northern Europe,Lithuania,2015,214,7.30
Europe,Northern Europe,Norway,2015,2239,43.06
Europe,Northern Europe,Sweden,2015,4646,47.58
Europe,Northern Europe,United Kingdom (England and Wales),2015,430583,743.85
Europe,Northern Europe,United Kingdom (Northern Ireland),2015,1206,65.13
Europe,Northern Europe,United Kingdom (Scotland),2015,3714,69.12
Europe,Southern Europe,Albania,2015,169,5.85
Europe,Southern Europe,Andorra,2015,133,170.53
Europe,Southern Europe,Bosnia and Herzegovina,2015,992,28.93
Europe,Southern Europe,Croatia,2015,804,18.99
Europe,Southern Europe,Greece,2015,1624,15.23
Europe,Southern Europe,Holy See,2015,0,0.00
Europe,Southern Europe,Italy,2015,65072,107.42
Europe,Southern Europe,Kosovo under UNSCR 1244,2015,393,22.18
Europe,Southern Europe,Malta,2015,183,42.21
Europe,Southern Europe,Montenegro,2015,140,22.33
Europe,Southern Europe,North Macedonia,2015,154,7.41
Europe,Southern Europe,Portugal,2015,469,4.52
Europe,Southern Europe,Serbia,2015,1422,16.02
Europe,Southern Europe,Slovenia,2015,1540,74.35
Europe,Southern Europe,Spain,2015,29056,62.26
Europe,Western Europe,Austria,2015,3461,39.88
Europe,Western Europe,Belgium,2015,62381,552.63
Europe,Western Europe,France,2015,242185,375.75
Europe,Western Europe,Germany,2015,127395,155.76
Europe,Western Europe,Liechtenstein,2015,81,216.20
Europe,Western Europe,Luxembourg,2015,608,107.28
Europe,Western Europe,Monaco,2015,197,522.23
Europe,Western Europe,Netherlands,2015,5100,30.11
Europe,Western Europe,Switzerland,2015,616,7.42
Europe,Eastern Europe,Belarus,2016,737,7.80
Europe,Eastern Europe,Bulgaria,2016,2470,34.54
Europe,Eastern Europe,Czechia,2016,5050,47.56
Europe,Eastern Europe,Poland,2016,7621,20.06
Europe,Eastern Europe,Republic of Moldova,2016,250,6.15
Europe,Eastern Europe,Romania,2016,304,1.54
Europe,Eastern Europe,Russian Federation,2016,25153,17.31
Europe,Eastern Europe,Slovakia,2016,1632,29.99
Europe,Northern Europe,Denmark,2016,1733,30.34
Europe,Northern Europe,Finland,2016,1592,28.96
Europe,Northern Europe,Iceland,2016,74,22.28
Europe,Northern Europe,Ireland,2016,3634,77.39
Europe,Northern Europe,Latvia,2016,657,33.28
Europe,Northern Europe,Lithuania,2016,216,7.48
Europe,Northern Europe,Norway,2016,2199,41.88
Europe,Northern Europe,Sweden,2016,4959,50.42
Europe,Northern Europe,United Kingdom (England and Wales),2016,466722,799.44
Europe,Northern Europe,United Kingdom (Northern Ireland),2016,1111,59.66
Europe,Northern Europe,United Kingdom (Scotland),2016,3950,73.08
Europe,Southern Europe,Albania,2016,118,4.09
Europe,Southern Europe,Bosnia and Herzegovina,2016,1009,29.80
Europe,Southern Europe,Croatia,2016,790,18.77
Europe,Southern Europe,Greece,2016,1515,14.27
Europe,Southern Europe,Italy,2016,64133,105.72
Europe,Southern Europe,Kosovo under UNSCR 1244,2016,363,20.35
Europe,Southern Europe,Malta,2016,200,45.86
Europe,Southern Europe,Montenegro,2016,128,20.41
Europe,Southern Europe,North Macedonia,2016,173,8.31
Europe,Southern Europe,Portugal,2016,521,5.05
Europe,Southern Europe,Serbia,2016,1339,15.12
Europe,Southern Europe,Slovenia,2016,1491,71.88
Europe,Southern Europe,Spain,2016,17331,37.16
Europe,Western Europe,Austria,2016,3793,43.36
Europe,Western Europe,Belgium,2016,62944,554.36
Europe,Western Europe,France,2016,242910,375.63
Europe,Western Europe,Germany,2016,140033,170.37
Europe,Western Europe,Liechtenstein,2016,71,188.55
Europe,Western Europe,Luxembourg,2016,569,98.23
Europe,Western Europe,Netherlands,2016,5020,29.56
Europe,Western Europe,Switzerland,2016,573,6.84
Europe,Eastern Europe,Belarus,2017,696,7.36
Europe,Eastern Europe,Bulgaria,2017,2811,39.58
Europe,Eastern Europe,Czechia,2017,4767,44.80
Europe,Eastern Europe,Poland,2017,7304,19.24
Europe,Eastern Europe,Republic of Moldova,2017,237,5.84
Europe,Eastern Europe,Romania,2017,272,1.38
Europe,Eastern Europe,Russian Federation,2017,23223,15.96
Europe,Eastern Europe,Slovakia,2017,1642,30.14
Europe,Eastern Europe,Ukraine,2017,1615,3.63
Europe,Northern Europe,Denmark,2017,1904,33.22
Europe,Northern Europe,Estonia,2017,76,5.76
Europe,Northern Europe,Finland,2017,1581,28.69
Europe,Northern Europe,Iceland,2017,103,30.80
Europe,Northern Europe,Ireland,2017,4081,85.86
Europe,Northern Europe,Latvia,2017,657,33.67
Europe,Northern Europe,Lithuania,2017,178,6.26
Europe,Northern Europe,Norway,2017,2112,39.88
Europe,Northern Europe,Sweden,2017,4685,47.30
Europe,Northern Europe,United Kingdom (England and Wales),2017,512976,873.23
Europe,Northern Europe,United Kingdom (Northern Ireland),2017,1053,56.29
Europe,Northern Europe,United Kingdom (Scotland),2017,3944,72.70
Europe,Southern Europe,Albania,2017,125,4.33
Europe,Southern Europe,Bosnia and Herzegovina,2017,752,22.44
Europe,Southern Europe,Croatia,2017,798,19.08
Europe,Southern Europe,Greece,2017,1510,14.29
Europe,Southern Europe,Italy,2017,65906,108.62
Europe,Southern Europe,Kosovo under UNSCR 1244,2017,331,18.56
Europe,Southern Europe,Malta,2017,186,42.47
Europe,Southern Europe,Montenegro,2017,147,23.42
Europe,Southern Europe,North Macedonia,2017,148,7.11
Europe,Southern Europe,Portugal,2017,584,5.68
Europe,Southern Europe,Serbia,2017,1285,14.55
Europe,Southern Europe,Slovenia,2017,1398,67.33
Europe,Southern Europe,Spain,2017,18086,38.77
Europe,Western Europe,Austria,2017,3625,41.10
Europe,Western Europe,Belgium,2017,62451,546.87
Europe,Western Europe,Germany,2017,137058,165.81
Europe,Western Europe,Liechtenstein,2017,83,219.55
Europe,Western Europe,Luxembourg,2017,585,98.83
Europe,Western Europe,Netherlands,2017,4785,28.11
Europe,Western Europe,Switzerland,2017,586,6.93
Europe,Eastern Europe,Belarus,2018,723,7.65
Europe,Eastern Europe,Bulgaria,2018,2518,35.71
Europe,Eastern Europe,Czechia,2018,4967,46.57
Europe,Eastern Europe,Poland,2018,6610,17.43
Europe,Eastern Europe,Republic of Moldova,2018,206,5.08
Europe,Eastern Europe,Romania,2018,252,1.29
Europe,Eastern Europe,Russian Federation,2018,22073,15.15
Europe,Eastern Europe,Slovakia,2018,1597,29.29
Europe,Northern Europe,Denmark,2018,1857,32.28
Europe,Northern Europe,Estonia,2018,90,6.80
Europe,Northern Europe,Finland,2018,1609,29.13
Europe,Northern Europe,Iceland,2018,122,36.23
Europe,Northern Europe,Ireland,2018,4506,93.51
Europe,Northern Europe,Latvia,2018,646,33.50
Europe,Northern Europe,Lithuania,2018,185,6.60
Europe,Northern Europe,Norway,2018,1968,36.87
Europe,Northern Europe,Sweden,2018,4709,47.22
Europe,Northern Europe,United Kingdom (England and Wales),2018,547060,925.40
Europe,Northern Europe,United Kingdom (Northern Ireland),2018,1063,56.49
Europe,Northern Europe,United Kingdom (Scotland),2018,4049,74.46
Europe,Southern Europe,Albania,2018,135,4.68
Europe,Southern Europe,Bosnia and Herzegovina,2018,909,27.35
Europe,Southern Europe,Croatia,2018,733,17.64
Europe,Southern Europe,Greece,2018,1587,15.08
Europe,Southern Europe,Italy,2018,66348,109.44
Europe,Southern Europe,Kosovo under UNSCR 1244,2018,304,16.98
Europe,Southern Europe,Malta,2018,183,41.66
Europe,Southern Europe,Montenegro,2018,153,24.37
Europe,Southern Europe,Portugal,2018,579,5.65
Europe,Southern Europe,Serbia,2018,1223,13.89
Europe,Southern Europe,Slovenia,2018,1544,74.31
Europe,Southern Europe,Spain,2018,18292,39.18
Europe,Western Europe,Austria,2018,3711,41.74
Europe,Western Europe,Belgium,2018,63142,549.91
Europe,Western Europe,Germany,2018,136727,164.48
Europe,Western Europe,Liechtenstein,2018,79,208.34
Europe,Western Europe,Luxembourg,2018,611,101.12
Europe,Western Europe,Netherlands,2018,4575,26.82
Europe,Western Europe,Switzerland,2018,585,6.86
Oceania,Australia and New Zealand,Australia,2010,68665,309.93
Oceania,Australia and New Zealand,Australia,2011,66103,293.30
Oceania,Australia and New Zealand,Australia,2012,63709,278.16
Oceania,Australia and New Zealand,Australia,2013,66211,284.72
Oceania,Australia and New Zealand,Australia,2014,67081,284.28
Oceania,Australia and New Zealand,Australia,2015,68002,284.14
Oceania,Australia and New Zealand,New Zealand,2015,21187,459.14
Oceania,Australia and New Zealand,Australia,2016,70986,292.57
Oceania,Australia and New Zealand,New Zealand,2016,23749,509.72
Oceania,Australia and New Zealand,Australia,2017,72964,296.79
Oceania,Australia and New Zealand,New Zealand,2017,24526,521.60
Oceania,Australia and New Zealand,Australia,2018,72707,292.02
Oceania,Australia and New Zealand,New Zealand,2018,25326,533.95
